entity,iter,truck,plant,trips,delivered,wait_pl,wait_cd,no_empty,no_full,util_%,queue_loaded,queue_empty_p,queue_empty_cd
truck,0,1.0,1,30.0,30,3.399776110072686,27.542151880338693,10.0,3.0,93.55,0,0,1
truck,0,2.0,2,26.0,26,0.0,1.7495863275445345,2.0,0.0,99.64,0,0,1
truck,0,3.0,3,23.0,23,0.0,0.4075918994515746,1.0,0.0,99.92,0,0,1
plant,0,,1,,30,,,,,,0,0,1
plant,0,,2,,26,,,,,,0,0,1
plant,0,,3,,23,,,,,,0,0,1
truck,1,1.0,1,30.0,29,1.5883806735182446,34.57530453841644,12.0,2.0,92.47,0,0,0
truck,1,2.0,2,26.0,25,0.0,4.151366840506796,2.0,0.0,99.14,0,0,0
truck,1,3.0,3,23.0,23,0.0,2.5345046085965492,3.0,0.0,99.47,0,0,1
plant,1,,1,,29,,,,,,0,0,0
plant,1,,2,,25,,,,,,0,0,0
plant,1,,3,,23,,,,,,0,0,1
truck,2,1.0,1,31.0,29,3.3456924392543215,26.027656272372454,10.0,4.0,93.88,0,0,0
truck,2,2.0,2,26.0,25,0.0,6.167932467386095,3.0,0.0,98.72,0,0,0
truck,2,3.0,3,23.0,23,0.0,1.480808062592132,1.0,0.0,99.69,0,0,1
plant,2,,1,,29,,,,,,0,0,0
plant,2,,2,,25,,,,,,0,0,0
plant,2,,3,,23,,,,,,0,0,1
truck,3,1.0,1,31.0,31,2.8544586776112055,11.234644105431776,4.0,3.0,97.06,0,0,1
truck,3,2.0,2,26.0,25,0.0,0.0,0.0,0.0,100.0,0,0,0
truck,3,3.0,3,23.0,23,0.0,0.0,0.0,0.0,100.0,0,0,1
plant,3,,1,,31,,,,,,0,0,1
plant,3,,2,,25,,,,,,0,0,0
plant,3,,3,,23,,,,,,0,0,1
truck,4,1.0,1,29.0,29,3.69202171726036,46.345897582921936,11.0,6.0,89.58,0,0,1
truck,4,2.0,2,26.0,24,0.0,19.47366296788988,5.0,0.0,95.94,1,0,0
truck,4,3.0,3,23.0,22,0.0,1.912191018331356,3.0,0.0,99.6,0,0,0
plant,4,,1,,29,,,,,,0,0,1
plant,4,,2,,24,,,,,,1,0,0
plant,4,,3,,22,,,,,,0,0,0
truck,5,1.0,1,32.0,31,0.2621186295661886,7.191285955487089,4.0,3.0,98.45,1,0,0
truck,5,2.0,2,26.0,26,0.0,0.0,0.0,0.0,100.0,0,0,1
truck,5,3.0,3,23.0,23,0.0,0.0,0.0,0.0,100.0,0,0,1
plant,5,,1,,31,,,,,,1,0,0
plant,5,,2,,26,,,,,,0,0,1
plant,5,,3,,23,,,,,,0,0,1
truck,6,1.0,1,30.0,29,5.997304236299442,29.82027206938254,12.0,5.0,92.54,0,0,0
truck,6,2.0,2,26.0,25,0.0,0.6857757503135815,2.0,0.0,99.86,0,0,0
truck,6,3.0,3,23.0,23,0.0,6.6305631392514215,2.0,0.0,98.62,0,0,1
plant,6,,1,,29,,,,,,0,0,0
plant,6,,2,,25,,,,,,0,0,0
plant,6,,3,,23,,,,,,0,0,1
truck,7,1.0,1,32.0,31,4.261408558184186,13.5126714963178,4.0,7.0,96.3,0,0,0
truck,7,2.0,2,26.0,25,0.0,0.0,0.0,0.0,100.0,1,0,0
truck,7,3.0,3,23.0,23,0.0,0.0,0.0,0.0,100.0,0,0,1
plant,7,,1,,31,,,,,,0,0,0
plant,7,,2,,25,,,,,,1,0,0
plant,7,,3,,23,,,,,,0,0,1
truck,8,1.0,1,30.0,29,3.5007032773528124,33.35857397205692,11.0,4.0,92.32,1,0,0
truck,8,2.0,2,26.0,25,0.0,9.107090477552134,5.0,0.0,98.1,1,0,0
truck,8,3.0,3,23.0,23,0.0,3.6485018562423193,1.0,0.0,99.24,0,0,1
plant,8,,1,,29,,,,,,1,0,0
plant,8,,2,,25,,,,,,1,0,0
plant,8,,3,,23,,,,,,0,0,1
truck,9,1.0,1,31.0,30,3.6757490239731396,26.328904204560672,10.0,3.0,93.75,0,0,0
truck,9,2.0,2,26.0,25,0.0,6.908640728852845,2.0,0.0,98.56,0,0,0
truck,9,3.0,3,23.0,22,0.0,2.103565584666626,1.0,0.0,99.56,0,0,0
plant,9,,1,,30,,,,,,0,0,0
plant,9,,2,,25,,,,,,0,0,0
plant,9,,3,,22,,,,,,0,0,0
truck,10,1.0,1,32.0,31,2.7284972178000544,6.203774889445469,3.0,2.0,98.14,0,0,0
truck,10,2.0,2,26.0,25,0.0,1.1381573493539463,2.0,0.0,99.76,1,0,0
truck,10,3.0,3,23.0,23,0.0,0.0,0.0,0.0,100.0,0,0,1
plant,10,,1,,31,,,,,,0,0,0
plant,10,,2,,25,,,,,,1,0,0
plant,10,,3,,23,,,,,,0,0,1
truck,11,1.0,1,29.0,28,2.2957392952665145,52.33588988027961,13.0,5.0,88.62,0,0,0
truck,11,2.0,2,25.0,24,0.0,17.934239797189576,7.0,0.0,96.26,0,0,0
truck,11,3.0,3,23.0,23,0.0,0.0,0.0,0.0,100.0,0,0,1
plant,11,,1,,28,,,,,,0,0,0
plant,11,,2,,24,,,,,,0,0,0
plant,11,,3,,23,,,,,,0,0,1
truck,12,1.0,1,31.0,30,2.4940467233255994,25.807029445572482,7.0,3.0,94.1,0,0,0
truck,12,2.0,2,26.0,25,0.0,3.964877818727473,3.0,0.0,99.17,0,0,0
truck,12,3.0,3,23.0,22,0.0,1.288287448916634,1.0,0.0,99.73,0,0,0
plant,12,,1,,30,,,,,,0,0,0
plant,12,,2,,25,,,,,,0,0,0
plant,12,,3,,22,,,,,,0,0,0
truck,13,1.0,1,32.0,31,3.0028158879503906,10.180745412597133,3.0,3.0,97.25,0,0,0
truck,13,2.0,2,26.0,25,0.0,0.19040224262477068,1.0,0.0,99.96,1,0,0
truck,13,3.0,3,23.0,23,0.0,0.0,0.0,0.0,100.0,0,0,1
plant,13,,1,,31,,,,,,0,0,0
plant,13,,2,,25,,,,,,1,0,0
plant,13,,3,,23,,,,,,0,0,1
truck,14,1.0,1,32.0,31,4.765923264935413,11.57392304157625,6.0,5.0,96.6,0,0,0
truck,14,2.0,2,26.0,25,0.0,1.9698460519236392,1.0,0.0,99.59,0,0,0
truck,14,3.0,3,23.0,23,0.0,0.0,0.0,0.0,100.0,0,0,1
plant,14,,1,,31,,,,,,0,0,0
plant,14,,2,,25,,,,,,0,0,0
plant,14,,3,,23,,,,,,0,0,1
truck,15,1.0,1,30.0,29,1.6137156085275848,27.284904210494254,12.0,2.0,93.98,0,0,0
truck,15,2.0,2,26.0,25,0.0,0.0,0.0,0.0,100.0,0,0,0
truck,15,3.0,3,23.0,23,0.0,0.16583510386081457,1.0,0.0,99.97,0,0,1
plant,15,,1,,29,,,,,,0,0,0
plant,15,,2,,25,,,,,,0,0,0
plant,15,,3,,23,,,,,,0,0,1
truck,16,1.0,1,30.0,29,2.1751351577610905,28.338092029036858,12.0,3.0,93.64,0,0,0
truck,16,2.0,2,25.0,24,0.0,4.753617045417769,3.0,0.0,99.01,0,0,0
truck,16,3.0,3,24.0,23,0.0,0.0,0.0,0.0,100.0,0,0,0
plant,16,,1,,29,,,,,,0,0,0
plant,16,,2,,24,,,,,,0,0,0
plant,16,,3,,23,,,,,,0,0,0
truck,17,1.0,1,33.0,31,3.0302109128513415,5.725157833975857,2.0,4.0,98.18,0,0,0
truck,17,2.0,2,26.0,25,0.0,0.0,0.0,0.0,100.0,0,0,0
truck,17,3.0,3,24.0,23,0.0,0.0,0.0,0.0,100.0,1,0,0
plant,17,,1,,31,,,,,,0,0,0
plant,17,,2,,25,,,,,,0,0,0
plant,17,,3,,23,,,,,,1,0,0
truck,18,1.0,1,30.0,29,6.997153953418344,43.2447442852971,14.0,5.0,89.53,0,0,0
truck,18,2.0,2,25.0,24,0.0,18.494204791871198,6.0,0.0,96.15,0,0,0
truck,18,3.0,3,23.0,23,0.0,0.6461077471173837,1.0,0.0,99.87,0,0,1
plant,18,,1,,29,,,,,,0,0,0
plant,18,,2,,24,,,,,,0,0,0
plant,18,,3,,23,,,,,,0,0,1
truck,19,1.0,1,31.0,30,1.9699537755079746,26.405673591890377,10.0,2.0,94.09,1,0,0
truck,19,2.0,2,26.0,25,0.0,3.8273972376650534,2.0,0.0,99.2,0,0,0
truck,19,3.0,3,23.0,22,0.0,1.0617461330320452,1.0,0.0,99.78,0,0,0
plant,19,,1,,30,,,,,,1,0,0
plant,19,,2,,25,,,,,,0,0,0
plant,19,,3,,22,,,,,,0,0,0
truck,20,1.0,1,32.0,31,5.171975797897526,16.19457329540026,5.0,5.0,95.55,1,0,0
truck,20,2.0,2,26.0,25,0.0,0.0,0.0,0.0,100.0,0,0,0
truck,20,3.0,3,23.0,22,0.0,0.0,0.0,0.0,100.0,0,0,0
plant,20,,1,,31,,,,,,1,0,0
plant,20,,2,,25,,,,,,0,0,0
plant,20,,3,,22,,,,,,0,0,0
truck,21,1.0,1,32.0,31,3.1649012883443888,1.6329920909166447,2.0,6.0,99.0,0,0,0
truck,21,2.0,2,26.0,26,0.0,0.0,0.0,0.0,100.0,0,0,1
truck,21,3.0,3,24.0,23,0.0,0.0,0.0,0.0,100.0,1,0,0
plant,21,,1,,31,,,,,,0,0,0
plant,21,,2,,26,,,,,,0,0,1
plant,21,,3,,23,,,,,,1,0,0
truck,22,1.0,1,31.0,30,1.9661396949307903,21.9950663794897,6.0,2.0,95.01,0,0,0
truck,22,2.0,2,26.0,25,0.0,5.135728775374446,3.0,0.0,98.93,0,0,0
truck,22,3.0,3,24.0,22,0.0,0.06607099030424735,1.0,0.0,99.99,0,0,0
plant,22,,1,,30,,,,,,0,0,0
plant,22,,2,,25,,,,,,0,0,0
plant,22,,3,,22,,,,,,0,0,0
truck,23,1.0,1,31.0,31,4.997981786388465,17.28924493029166,5.0,7.0,95.36,1,0,1
truck,23,2.0,2,26.0,25,0.0,6.460145582193462,3.0,0.0,98.65,1,0,0
truck,23,3.0,3,24.0,23,0.0,0.0,0.0,0.0,100.0,1,0,0
plant,23,,1,,31,,,,,,1,0,1
plant,23,,2,,25,,,,,,1,0,0
plant,23,,3,,23,,,,,,1,0,0
truck,24,1.0,1,32.0,31,3.3263527011772993,10.969060881312373,9.0,5.0,97.02,0,0,0
truck,24,2.0,2,26.0,25,0.0,5.855868877251538,4.0,0.0,98.78,0,0,0
truck,24,3.0,3,23.0,22,0.0,0.8498898650268529,1.0,0.0,99.82,0,0,0
plant,24,,1,,31,,,,,,0,0,0
plant,24,,2,,25,,,,,,0,0,0
plant,24,,3,,22,,,,,,0,0,0
truck,25,1.0,1,31.0,30,1.9948178024331185,22.051596873670874,11.0,5.0,94.99,1,0,0
truck,25,2.0,2,26.0,25,0.0,2.373102598417603,3.0,0.0,99.51,0,0,0
truck,25,3.0,3,23.0,22,0.0,2.9153334268318645,1.0,0.0,99.39,1,0,0
plant,25,,1,,30,,,,,,1,0,0
plant,25,,2,,25,,,,,,0,0,0
plant,25,,3,,22,,,,,,1,0,0
truck,26,1.0,1,32.0,31,2.5204103597901053,9.034056971765011,4.0,4.0,97.59,1,0,0
truck,26,2.0,2,26.0,25,0.0,0.0,0.0,0.0,100.0,0,0,0
truck,26,3.0,3,23.0,23,0.0,0.0,0.0,0.0,100.0,0,0,1
plant,26,,1,,31,,,,,,1,0,0
plant,26,,2,,25,,,,,,0,0,0
plant,26,,3,,23,,,,,,0,0,1
truck,27,1.0,1,31.0,30,2.8234454117179126,23.10769024936019,7.0,4.0,94.6,1,0,0
truck,27,2.0,2,26.0,25,0.0,8.360660614305317,5.0,0.0,98.26,0,0,0
truck,27,3.0,3,24.0,22,0.0,0.5060299799882841,1.0,0.0,99.89,0,0,0
plant,27,,1,,30,,,,,,1,0,0
plant,27,,2,,25,,,,,,0,0,0
plant,27,,3,,22,,,,,,0,0,0
truck,28,1.0,1,30.0,29,1.6832895735216482,39.0000128722982,13.0,5.0,91.52,0,0,0
truck,28,2.0,2,26.0,25,0.0,7.536777247107182,2.0,0.0,98.43,1,0,0
truck,28,3.0,3,23.0,22,0.0,0.12602947319493296,1.0,0.0,99.97,0,0,0
plant,28,,1,,29,,,,,,0,0,0
plant,28,,2,,25,,,,,,1,0,0
plant,28,,3,,22,,,,,,0,0,0
truck,29,1.0,1,32.0,31,2.7661412949892963,1.626020451385557,1.0,4.0,99.08,0,0,0
truck,29,2.0,2,26.0,26,0.0,0.0,0.0,0.0,100.0,0,0,1
truck,29,3.0,3,24.0,23,0.0,0.0,0.0,0.0,100.0,1,0,0
plant,29,,1,,31,,,,,,0,0,0
plant,29,,2,,26,,,,,,0,0,1
plant,29,,3,,23,,,,,,1,0,0
truck,30,1.0,1,32.0,31,3.38369857650774,11.931063098437335,5.0,3.0,96.81,0,0,0
truck,30,2.0,2,27.0,26,0.0,0.21835512599363938,1.0,0.0,99.95,0,0,0
truck,30,3.0,3,23.0,23,0.0,0.0,0.0,0.0,100.0,0,0,1
plant,30,,1,,31,,,,,,0,0,0
plant,30,,2,,26,,,,,,0,0,0
plant,30,,3,,23,,,,,,0,0,1
truck,31,1.0,1,29.0,28,4.199003753165812,42.98583882690089,13.0,3.0,90.17,0,0,0
truck,31,2.0,2,25.0,24,0.0,17.01409144743951,5.0,0.0,96.46,1,0,0
truck,31,3.0,3,24.0,23,0.0,2.306831675983446,2.0,0.0,99.52,1,0,0
plant,31,,1,,28,,,,,,0,0,0
plant,31,,2,,24,,,,,,1,0,0
plant,31,,3,,23,,,,,,1,0,0
truck,32,1.0,1,31.0,30,3.0503986003223797,30.52076152103149,13.0,7.0,93.01,1,0,0
truck,32,2.0,2,26.0,25,0.0,8.081120383892312,6.0,0.0,98.32,0,0,0
truck,32,3.0,3,24.0,23,0.0,0.0,0.0,0.0,100.0,1,0,0
plant,32,,1,,30,,,,,,1,0,0
plant,32,,2,,25,,,,,,0,0,0
plant,32,,3,,23,,,,,,1,0,0
truck,33,1.0,1,32.0,30,3.814694147385506,13.982091088058525,7.0,4.0,96.29,0,0,0
truck,33,2.0,2,26.0,25,0.0,0.7874034033075645,1.0,0.0,99.84,0,0,0
truck,33,3.0,3,24.0,23,0.0,0.8013901529771488,1.0,0.0,99.83,0,0,0
plant,33,,1,,30,,,,,,0,0,0
plant,33,,2,,25,,,,,,0,0,0
plant,33,,3,,23,,,,,,0,0,0
truck,34,1.0,1,32.0,31,5.522492189958859,10.919380801800237,6.0,5.0,96.57,1,0,0
truck,34,2.0,2,26.0,25,0.0,3.155189924574458,2.0,0.0,99.34,1,0,0
truck,34,3.0,3,24.0,23,0.0,0.0,0.0,0.0,100.0,1,0,0
plant,34,,1,,31,,,,,,1,0,0
plant,34,,2,,25,,,,,,1,0,0
plant,34,,3,,23,,,,,,1,0,0
truck,35,1.0,1,30.0,29,3.2848111426553395,33.54256063666992,9.0,5.0,92.33,0,0,0
truck,35,2.0,2,26.0,25,0.0,9.556190520115479,5.0,0.0,98.01,1,0,0
truck,35,3.0,3,23.0,23,0.0,0.7055290147081337,1.0,0.0,99.85,0,0,1
plant,35,,1,,29,,,,,,0,0,0
plant,35,,2,,25,,,,,,1,0,0
plant,35,,3,,23,,,,,,0,0,1
truck,36,1.0,1,30.0,29,0.3437408986210464,32.196869475739874,12.0,3.0,93.22,0,0,0
truck,36,2.0,2,26.0,25,0.0,8.162850039056337,6.0,0.0,98.3,0,0,0
truck,36,3.0,3,23.0,22,0.0,0.0,0.0,0.0,100.0,0,0,0
plant,36,,1,,29,,,,,,0,0,0
plant,36,,2,,25,,,,,,0,0,0
plant,36,,3,,22,,,,,,0,0,0
truck,37,1.0,1,31.0,29,4.488580350322479,23.773306363762117,7.0,5.0,94.11,0,0,0
truck,37,2.0,2,26.0,25,0.0,1.9876878047796254,1.0,0.0,99.59,1,0,0
truck,37,3.0,3,24.0,23,0.0,0.0,0.0,0.0,100.0,0,0,0
plant,37,,1,,29,,,,,,0,0,0
plant,37,,2,,25,,,,,,1,0,0
plant,37,,3,,23,,,,,,0,0,0
truck,38,1.0,1,30.0,28,2.929516177487045,45.4849042056628,15.0,2.0,89.91,0,0,0
truck,38,2.0,2,25.0,25,0.0,13.781866125643475,5.0,0.0,97.13,1,0,1
truck,38,3.0,3,24.0,23,0.0,1.9383164496033203,3.0,0.0,99.6,1,0,0
plant,38,,1,,28,,,,,,0,0,0
plant,38,,2,,25,,,,,,1,0,1
plant,38,,3,,23,,,,,,1,0,0
truck,39,1.0,1,31.0,31,0.49829377527435526,17.056003713635995,10.0,2.0,96.34,0,0,1
truck,39,2.0,2,26.0,25,0.0,0.0,0.0,0.0,100.0,1,0,0
truck,39,3.0,3,23.0,23,0.0,0.0,0.0,0.0,100.0,0,0,1
plant,39,,1,,31,,,,,,0,0,1
plant,39,,2,,25,,,,,,1,0,0
plant,39,,3,,23,,,,,,0,0,1
truck,40,1.0,1,31.0,30,0.6766489745064632,27.055096282624476,7.0,2.0,94.22,0,0,0
truck,40,2.0,2,26.0,25,0.0,8.741583190959659,2.0,0.0,98.18,0,0,0
truck,40,3.0,3,24.0,23,0.0,0.0,0.0,0.0,100.0,0,0,0
plant,40,,1,,30,,,,,,0,0,0
plant,40,,2,,25,,,,,,0,0,0
plant,40,,3,,23,,,,,,0,0,0
truck,41,1.0,1,32.0,31,3.5990673391010546,4.542136904199168,4.0,5.0,98.3,1,0,0
truck,41,2.0,2,26.0,26,0.0,0.0,0.0,0.0,100.0,0,0,1
truck,41,3.0,3,23.0,23,0.0,0.0,0.0,0.0,100.0,0,0,1
plant,41,,1,,31,,,,,,1,0,0
plant,41,,2,,26,,,,,,0,0,1
plant,41,,3,,23,,,,,,0,0,1
truck,42,1.0,1,31.0,30,4.4128456596640255,22.188314617548087,7.0,4.0,94.46,0,0,0
truck,42,2.0,2,26.0,25,0.0,4.655862962036622,1.0,0.0,99.03,1,0,0
truck,42,3.0,3,24.0,23,0.0,1.9734666576850657,3.0,0.0,99.59,0,0,0
plant,42,,1,,30,,,,,,0,0,0
plant,42,,2,,25,,,,,,1,0,0
plant,42,,3,,23,,,,,,0,0,0
truck,43,1.0,1,32.0,32,1.4347302790959162,9.3455493856776,3.0,4.0,97.75,0,0,1
truck,43,2.0,2,26.0,25,0.0,0.37388958132243033,1.0,0.0,99.92,0,0,0
truck,43,3.0,3,24.0,23,0.0,0.0,0.0,0.0,100.0,1,0,0
plant,43,,1,,32,,,,,,0,0,1
plant,43,,2,,25,,,,,,0,0,0
plant,43,,3,,23,,,,,,1,0,0
truck,44,1.0,1,30.0,29,1.981888071612424,31.61898504099493,12.0,3.0,93.0,0,0,0
truck,44,2.0,2,26.0,25,0.0,7.591060789919766,5.0,0.0,98.42,0,0,0
truck,44,3.0,3,23.0,23,0.0,1.5436681953696052,1.0,0.0,99.68,0,0,1
plant,44,,1,,29,,,,,,0,0,0
plant,44,,2,,25,,,,,,0,0,0
plant,44,,3,,23,,,,,,0,0,1
truck,45,1.0,1,29.0,29,2.4289482467696075,41.790069730501884,14.0,1.0,90.79,0,0,1
truck,45,2.0,2,26.0,26,0.0,6.982716413473469,3.0,0.0,98.55,0,0,1
truck,45,3.0,3,23.0,22,0.0,8.340448168382068,4.0,0.0,98.26,1,0,0
plant,45,,1,,29,,,,,,0,0,1
plant,45,,2,,26,,,,,,0,0,1
plant,45,,3,,22,,,,,,1,0,0
truck,46,1.0,1,32.0,31,2.382577535767453,10.046499690312658,4.0,3.0,97.41,0,0,0
truck,46,2.0,2,26.0,25,0.0,0.0,0.0,0.0,100.0,1,0,0
truck,46,3.0,3,23.0,23,0.0,0.0,0.0,0.0,100.0,0,0,1
plant,46,,1,,31,,,,,,0,0,0
plant,46,,2,,25,,,,,,1,0,0
plant,46,,3,,23,,,,,,0,0,1
truck,47,1.0,1,31.0,30,0.36693149999490515,23.57648863858524,7.0,2.0,95.01,1,0,0
truck,47,2.0,2,26.0,26,0.0,5.3460441048487155,2.0,0.0,98.89,0,0,1
truck,47,3.0,3,23.0,23,0.0,2.212205941381626,3.0,0.0,99.54,0,0,1
plant,47,,1,,30,,,,,,1,0,0
plant,47,,2,,26,,,,,,0,0,1
plant,47,,3,,23,,,,,,0,0,1
truck,48,1.0,1,30.0,30,1.8618280449155122,26.858459380260456,12.0,2.0,94.02,0,0,1
truck,48,2.0,2,26.0,25,0.0,6.8988814335365305,5.0,0.0,98.56,0,0,0
truck,48,3.0,3,23.0,22,0.0,3.3301770930463874,2.0,0.0,99.31,0,0,0
plant,48,,1,,30,,,,,,0,0,1
plant,48,,2,,25,,,,,,0,0,0
plant,48,,3,,22,,,,,,0,0,0
truck,49,1.0,1,30.0,29,1.3418250994535867,41.66672052457493,15.0,3.0,91.04,0,0,0
truck,49,2.0,2,26.0,26,0.0,2.2744519896279343,2.0,0.0,99.53,0,0,1
truck,49,3.0,3,23.0,22,0.0,4.237426669992587,1.0,0.0,99.12,1,0,0
plant,49,,1,,29,,,,,,0,0,0
plant,49,,2,,26,,,,,,0,0,1
plant,49,,3,,22,,,,,,1,0,0
truck,50,1.0,1,31.0,30,1.2219159593559539,19.31216489884882,12.0,1.0,95.72,0,0,0
truck,50,2.0,2,26.0,26,0.0,5.969616033934585,2.0,0.0,98.76,0,0,1
truck,50,3.0,3,23.0,23,0.0,0.0,0.0,0.0,100.0,0,0,1
plant,50,,1,,30,,,,,,0,0,0
plant,50,,2,,26,,,,,,0,0,1
plant,50,,3,,23,,,,,,0,0,1
truck,51,1.0,1,31.0,30,3.1600109176321283,15.313168765776012,6.0,5.0,96.15,0,0,0
truck,51,2.0,2,26.0,25,0.0,1.2604446909099352,1.0,0.0,99.74,0,0,0
truck,51,3.0,3,23.0,23,0.0,3.5858477459212565,1.0,0.0,99.25,0,0,1
plant,51,,1,,30,,,,,,0,0,0
plant,51,,2,,25,,,,,,0,0,0
plant,51,,3,,23,,,,,,0,0,1
truck,52,1.0,1,31.0,31,1.551219564421686,18.031658044070696,8.0,2.0,95.92,0,0,1
truck,52,2.0,2,26.0,25,0.0,3.539193924556514,2.0,0.0,99.26,1,0,0
truck,52,3.0,3,23.0,22,0.0,0.0,0.0,0.0,100.0,0,0,0
plant,52,,1,,31,,,,,,0,0,1
plant,52,,2,,25,,,,,,1,0,0
plant,52,,3,,22,,,,,,0,0,0
truck,53,1.0,1,31.0,30,0.3034714975917723,26.329748741626126,11.0,1.0,94.45,1,0,0
truck,53,2.0,2,26.0,25,0.0,5.000841771329732,3.0,0.0,98.96,1,0,0
truck,53,3.0,3,23.0,23,0.0,0.9844288051236845,1.0,0.0,99.79,0,0,1
plant,53,,1,,30,,,,,,1,0,0
plant,53,,2,,25,,,,,,1,0,0
plant,53,,3,,23,,,,,,0,0,1
truck,54,1.0,1,29.0,28,0.6338929358203131,50.67096537551812,13.0,2.0,89.31,0,0,0
truck,54,2.0,2,25.0,24,0.0,14.707775354554002,8.0,0.0,96.94,0,0,0
truck,54,3.0,3,23.0,23,0.0,3.2249033321244838,3.0,0.0,99.33,0,0,1
plant,54,,1,,28,,,,,,0,0,0
plant,54,,2,,24,,,,,,0,0,0
plant,54,,3,,23,,,,,,0,0,1
truck,55,1.0,1,31.0,30,0.26390489012345597,13.667554053932818,8.0,1.0,97.1,0,0,0
truck,55,2.0,2,26.0,25,0.0,5.6225893447068955,2.0,0.0,98.83,0,0,0
truck,55,3.0,3,23.0,23,0.0,0.0,0.0,0.0,100.0,0,0,1
plant,55,,1,,30,,,,,,0,0,0
plant,55,,2,,25,,,,,,0,0,0
plant,55,,3,,23,,,,,,0,0,1
truck,56,1.0,1,31.0,30,3.2161918019855946,18.493691026823377,9.0,4.0,95.48,0,0,0
truck,56,2.0,2,26.0,25,0.0,2.2158417635475516,3.0,0.0,99.54,1,0,0
truck,56,3.0,3,23.0,23,0.0,5.704703992389312,3.0,0.0,98.81,0,0,1
plant,56,,1,,30,,,,,,0,0,0
plant,56,,2,,25,,,,,,1,0,0
plant,56,,3,,23,,,,,,0,0,1
truck,57,1.0,1,31.0,30,3.5322611871088405,13.540558087839258,6.0,4.0,96.44,0,0,0
truck,57,2.0,2,26.0,25,0.0,0.0,0.0,0.0,100.0,0,0,0
truck,57,3.0,3,24.0,23,0.0,0.0,0.0,0.0,100.0,0,0,0
plant,57,,1,,30,,,,,,0,0,0
plant,57,,2,,25,,,,,,0,0,0
plant,57,,3,,23,,,,,,0,0,0
truck,58,1.0,1,31.0,30,4.64625621193915,15.699275517949133,8.0,5.0,95.76,0,0,0
truck,58,2.0,2,25.0,25,0.0,0.0,0.0,0.0,100.0,0,0,1
truck,58,3.0,3,23.0,23,0.0,0.0,0.0,0.0,100.0,0,0,1
plant,58,,1,,30,,,,,,0,0,0
plant,58,,2,,25,,,,,,0,0,1
plant,58,,3,,23,,,,,,0,0,1
truck,59,1.0,1,31.0,30,4.1734463954780665,29.419655432639765,14.0,4.0,93.0,0,0,0
truck,59,2.0,2,26.0,25,0.0,3.0913059755961143,4.0,0.0,99.36,0,0,0
truck,59,3.0,3,23.0,23,0.0,0.6642023940490134,1.0,0.0,99.86,0,0,1
plant,59,,1,,30,,,,,,0,0,0
plant,59,,2,,25,,,,,,0,0,0
plant,59,,3,,23,,,,,,0,0,1
truck,60,1.0,1,32.0,31,2.7117593889744533,9.854221142765141,7.0,4.0,97.38,1,0,0
truck,60,2.0,2,26.0,25,0.0,0.0,0.0,0.0,100.0,0,0,0
truck,60,3.0,3,23.0,23,0.0,0.0,0.0,0.0,100.0,0,0,1
plant,60,,1,,31,,,,,,1,0,0
plant,60,,2,,25,,,,,,0,0,0
plant,60,,3,,23,,,,,,0,0,1
truck,61,1.0,1,30.0,29,2.8160159529010897,33.72437710371602,10.0,4.0,92.39,1,0,0
truck,61,2.0,2,25.0,24,0.0,22.071609032821016,8.0,0.0,95.4,0,0,0
truck,61,3.0,3,23.0,23,0.0,4.570594998321127,3.0,0.0,99.05,0,0,1
plant,61,,1,,29,,,,,,1,0,0
plant,61,,2,,24,,,,,,0,0,0
plant,61,,3,,23,,,,,,0,0,1
truck,62,1.0,1,30.0,28,1.9740883573126666,39.26896494509599,11.0,2.0,91.41,1,0,0
truck,62,2.0,2,26.0,25,0.0,5.372769719373039,4.0,0.0,98.88,0,0,0
truck,62,3.0,3,23.0,22,0.0,0.0,0.0,0.0,100.0,1,0,0
plant,62,,1,,28,,,,,,1,0,0
plant,62,,2,,25,,,,,,0,0,0
plant,62,,3,,22,,,,,,1,0,0
truck,63,1.0,1,31.0,30,1.5057154778722577,11.352522364229202,9.0,4.0,97.32,0,0,0
truck,63,2.0,2,25.0,25,0.0,6.53125143436872,3.0,0.0,98.64,0,0,1
truck,63,3.0,3,23.0,23,0.0,1.311638641517618,2.0,0.0,99.73,0,0,1
plant,63,,1,,30,,,,,,0,0,0
plant,63,,2,,25,,,,,,0,0,1
plant,63,,3,,23,,,,,,0,0,1
truck,64,1.0,1,30.0,29,1.6789689834712416,37.32620881062081,13.0,3.0,91.87,0,0,0
truck,64,2.0,2,25.0,25,0.0,11.964158802549832,4.0,0.0,97.51,0,0,1
truck,64,3.0,3,23.0,22,0.0,7.941333739274427,3.0,0.0,98.35,0,0,0
plant,64,,1,,29,,,,,,0,0,0
plant,64,,2,,25,,,,,,0,0,1
plant,64,,3,,22,,,,,,0,0,0
truck,65,1.0,1,31.0,30,3.318082187174447,28.692885554177195,12.0,8.0,93.33,0,0,0
truck,65,2.0,2,26.0,25,0.0,5.538687449078026,5.0,0.0,98.85,0,0,0
truck,65,3.0,3,24.0,23,0.0,0.19980183911911809,1.0,0.0,99.96,1,0,0
plant,65,,1,,30,,,,,,0,0,0
plant,65,,2,,25,,,,,,0,0,0
plant,65,,3,,23,,,,,,1,0,0
truck,66,1.0,1,31.0,31,0.5337542687059909,17.6439799224259,6.0,2.0,96.21,0,0,1
truck,66,2.0,2,26.0,25,0.0,3.6882715330096403,1.0,0.0,99.23,1,0,0
truck,66,3.0,3,23.0,22,0.0,0.0,0.0,0.0,100.0,1,0,0
plant,66,,1,,31,,,,,,0,0,1
plant,66,,2,,25,,,,,,1,0,0
plant,66,,3,,22,,,,,,1,0,0
truck,67,1.0,1,31.0,30,4.435167030198983,24.960726913572728,14.0,5.0,93.88,0,0,0
truck,67,2.0,2,26.0,25,0.0,2.2495423073083316,3.0,0.0,99.53,0,0,0
truck,67,3.0,3,23.0,23,0.0,0.7512648650376264,1.0,0.0,99.84,0,0,1
plant,67,,1,,30,,,,,,0,0,0
plant,67,,2,,25,,,,,,0,0,0
plant,67,,3,,23,,,,,,0,0,1
truck,68,1.0,1,31.0,30,2.212745366424505,12.614305627794039,6.0,4.0,96.91,0,0,0
truck,68,2.0,2,26.0,25,0.0,0.764105626922742,1.0,0.0,99.84,1,0,0
truck,68,3.0,3,23.0,23,0.0,0.0,0.0,0.0,100.0,0,0,1
plant,68,,1,,30,,,,,,0,0,0
plant,68,,2,,25,,,,,,1,0,0
plant,68,,3,,23,,,,,,0,0,1
truck,69,1.0,1,32.0,31,1.711962820459064,14.646126261768075,6.0,4.0,96.59,0,0,0
truck,69,2.0,2,25.0,25,0.0,3.6444726833543655,2.0,0.0,99.24,0,0,1
truck,69,3.0,3,24.0,23,0.0,0.08721770908692861,1.0,0.0,99.98,1,0,0
plant,69,,1,,31,,,,,,0,0,0
plant,69,,2,,25,,,,,,0,0,1
plant,69,,3,,23,,,,,,1,0,0
truck,70,1.0,1,31.0,31,1.979560014920203,20.10348235054387,8.0,2.0,95.4,0,0,1
truck,70,2.0,2,26.0,26,0.0,0.286766168361396,1.0,0.0,99.94,1,0,1
truck,70,3.0,3,23.0,23,0.0,0.0,0.0,0.0,100.0,0,0,1
plant,70,,1,,31,,,,,,0,0,1
plant,70,,2,,26,,,,,,1,0,1
plant,70,,3,,23,,,,,,0,0,1
truck,71,1.0,1,30.0,29,2.04570613267129,35.89970058632764,9.0,2.0,92.09,1,0,0
truck,71,2.0,2,25.0,24,0.0,16.187339951637227,5.0,0.0,96.63,0,0,0
truck,71,3.0,3,24.0,23,0.0,0.6138638305596089,1.0,0.0,99.87,1,0,0
plant,71,,1,,29,,,,,,1,0,0
plant,71,,2,,24,,,,,,0,0,0
plant,71,,3,,23,,,,,,1,0,0
truck,72,1.0,1,30.0,29,2.794996928522096,38.13884177756995,12.0,3.0,91.47,1,0,0
truck,72,2.0,2,25.0,25,0.0,10.231227164020794,3.0,0.0,97.87,0,0,1
truck,72,3.0,3,23.0,23,0.0,0.0,0.0,0.0,100.0,0,0,1
plant,72,,1,,29,,,,,,1,0,0
plant,72,,2,,25,,,,,,0,0,1
plant,72,,3,,23,,,,,,0,0,1
truck,73,1.0,1,32.0,31,3.495955944933712,0.2373541452535619,1.0,5.0,99.22,0,0,0
truck,73,2.0,2,26.0,25,0.0,0.7921105398766315,1.0,0.0,99.83,1,0,0
truck,73,3.0,3,23.0,23,0.0,0.0,0.0,0.0,100.0,0,0,1
plant,73,,1,,31,,,,,,0,0,0
plant,73,,2,,25,,,,,,1,0,0
plant,73,,3,,23,,,,,,0,0,1
truck,74,1.0,1,29.0,29,1.6764652526100008,46.863588897170516,15.0,2.0,89.89,0,0,1
truck,74,2.0,2,25.0,25,0.0,9.54182334839571,5.0,0.0,98.01,0,0,1
truck,74,3.0,3,24.0,23,0.0,3.3666749584203046,3.0,0.0,99.3,1,0,0
plant,74,,1,,29,,,,,,0,0,1
plant,74,,2,,25,,,,,,0,0,1
plant,74,,3,,23,,,,,,1,0,0
truck,75,1.0,1,31.0,30,2.799287720607367,31.949976846501784,12.0,4.0,92.76,0,0,0
truck,75,2.0,2,25.0,25,0.0,10.196950791238521,3.0,0.0,97.88,0,0,1
truck,75,3.0,3,23.0,22,0.0,1.4677104109646848,2.0,0.0,99.69,0,0,0
plant,75,,1,,30,,,,,,0,0,0
plant,75,,2,,25,,,,,,0,0,1
plant,75,,3,,22,,,,,,0,0,0
truck,76,1.0,1,31.0,31,4.75805525558917,23.63690029297736,8.0,5.0,94.08,0,0,1
truck,76,2.0,2,25.0,25,0.0,3.601134187712205,2.0,0.0,99.25,0,0,1
truck,76,3.0,3,24.0,23,0.0,0.0,0.0,0.0,100.0,1,0,0
plant,76,,1,,31,,,,,,0,0,1
plant,76,,2,,25,,,,,,0,0,1
plant,76,,3,,23,,,,,,1,0,0
truck,77,1.0,1,31.0,30,4.718840632293535,18.88324727524315,8.0,6.0,95.08,0,0,0
truck,77,2.0,2,26.0,26,0.0,0.0,0.0,0.0,100.0,0,0,1
truck,77,3.0,3,23.0,23,0.0,1.756721661585587,1.0,0.0,99.63,0,0,1
plant,77,,1,,30,,,,,,0,0,0
plant,77,,2,,26,,,,,,0,0,1
plant,77,,3,,23,,,,,,0,0,1
truck,78,1.0,1,30.0,28,0.2033498938949947,50.29387867104289,19.0,1.0,89.48,0,0,0
truck,78,2.0,2,26.0,25,0.0,13.161959248600667,9.0,0.0,97.26,1,0,0
truck,78,3.0,3,23.0,23,0.0,2.2771876950750425,2.0,0.0,99.53,0,0,1
plant,78,,1,,28,,,,,,0,0,0
plant,78,,2,,25,,,,,,1,0,0
plant,78,,3,,23,,,,,,0,0,1
truck,79,1.0,1,32.0,31,1.7475268955214958,4.8098925187614725,3.0,4.0,98.63,0,0,0
truck,79,2.0,2,26.0,25,0.0,1.3300261909118376,1.0,0.0,99.72,1,0,0
truck,79,3.0,3,24.0,23,0.0,0.0,0.0,0.0,100.0,1,0,0
plant,79,,1,,31,,,,,,0,0,0
plant,79,,2,,25,,,,,,1,0,0
plant,79,,3,,23,,,,,,1,0,0
truck,80,1.0,1,31.0,30,3.08109550751702,13.746632332382973,5.0,3.0,96.49,0,0,0
truck,80,2.0,2,27.0,26,0.0,0.0,0.0,0.0,100.0,1,0,0
truck,80,3.0,3,24.0,23,0.0,0.26447135800370347,1.0,0.0,99.94,0,0,0
plant,80,,1,,30,,,,,,0,0,0
plant,80,,2,,26,,,,,,1,0,0
plant,80,,3,,23,,,,,,0,0,0
truck,81,1.0,1,31.0,30,1.6354812224010402,12.634402274797324,8.0,3.0,97.03,0,0,0
truck,81,2.0,2,26.0,25,0.0,2.197385801376612,2.0,0.0,99.54,0,0,0
truck,81,3.0,3,23.0,23,0.0,0.9860549279047746,1.0,0.0,99.79,0,0,1
plant,81,,1,,30,,,,,,0,0,0
plant,81,,2,,25,,,,,,0,0,0
plant,81,,3,,23,,,,,,0,0,1
truck,82,1.0,1,30.0,29,4.721227246584894,39.26254516683704,12.0,4.0,90.84,0,0,0
truck,82,2.0,2,26.0,25,0.0,9.329706408858982,3.0,0.0,98.06,0,0,0
truck,82,3.0,3,23.0,22,0.0,2.50730019201346,2.0,0.0,99.48,1,0,0
plant,82,,1,,29,,,,,,0,0,0
plant,82,,2,,25,,,,,,0,0,0
plant,82,,3,,22,,,,,,1,0,0
truck,83,1.0,1,28.0,28,1.4718955410596593,57.413780424691254,17.0,2.0,87.73,0,0,1
truck,83,2.0,2,26.0,25,0.0,11.103033003509722,7.0,0.0,97.69,1,0,0
truck,83,3.0,3,24.0,23,0.0,3.2114799785765626,2.0,0.0,99.33,0,0,0
plant,83,,1,,28,,,,,,0,0,1
plant,83,,2,,25,,,,,,1,0,0
plant,83,,3,,23,,,,,,0,0,0
truck,84,1.0,1,30.0,29,3.0848259477376843,38.9992679630453,12.0,4.0,91.23,0,0,0
truck,84,2.0,2,26.0,25,0.0,15.59362205582434,4.0,0.0,96.75,0,0,0
truck,84,3.0,3,23.0,22,0.0,3.6723066376948736,2.0,0.0,99.23,1,0,0
plant,84,,1,,29,,,,,,0,0,0
plant,84,,2,,25,,,,,,0,0,0
plant,84,,3,,22,,,,,,1,0,0
truck,85,1.0,1,30.0,29,2.9596098768200196,26.360262334123917,12.0,3.0,93.89,0,0,0
truck,85,2.0,2,25.0,25,0.0,8.720430801070734,3.0,0.0,98.18,1,0,1
truck,85,3.0,3,23.0,22,0.0,4.189753424740786,1.0,0.0,99.13,1,0,0
plant,85,,1,,29,,,,,,0,0,0
plant,85,,2,,25,,,,,,1,0,1
plant,85,,3,,22,,,,,,1,0,0
truck,86,1.0,1,31.0,30,4.372518374092699,9.8890708180042,5.0,5.0,97.03,0,0,0
truck,86,2.0,2,25.0,25,0.0,0.0,0.0,0.0,100.0,0,0,1
truck,86,3.0,3,23.0,22,0.0,0.39874126862184767,1.0,0.0,99.92,0,0,0
plant,86,,1,,30,,,,,,0,0,0
plant,86,,2,,25,,,,,,0,0,1
plant,86,,3,,22,,,,,,0,0,0
truck,87,1.0,1,32.0,31,3.004385326017392,9.232770432130081,5.0,2.0,97.45,0,0,0
truck,87,2.0,2,26.0,25,0.0,0.0,0.0,0.0,100.0,1,0,0
truck,87,3.0,3,23.0,22,0.0,0.0,0.0,0.0,100.0,1,0,0
plant,87,,1,,31,,,,,,0,0,0
plant,87,,2,,25,,,,,,1,0,0
plant,87,,3,,22,,,,,,1,0,0
truck,88,1.0,1,30.0,30,0.0,32.438260230490755,12.0,0.0,93.24,0,0,1
truck,88,2.0,2,26.0,26,0.0,4.820268426635437,4.0,0.0,99.0,0,0,1
truck,88,3.0,3,23.0,22,0.0,1.6816489413489535,1.0,0.0,99.65,0,0,0
plant,88,,1,,30,,,,,,0,0,1
plant,88,,2,,26,,,,,,0,0,1
plant,88,,3,,22,,,,,,0,0,0
truck,89,1.0,1,31.0,30,2.0681911133093536,14.097396179719745,6.0,4.0,96.63,0,0,0
truck,89,2.0,2,26.0,25,0.0,3.515183005319784,1.0,0.0,99.27,0,0,0
truck,89,3.0,3,24.0,23,0.0,0.0,0.0,0.0,100.0,0,0,0
plant,89,,1,,30,,,,,,0,0,0
plant,89,,2,,25,,,,,,0,0,0
plant,89,,3,,23,,,,,,0,0,0
truck,90,1.0,1,30.0,29,1.425683880132297,29.896096775188227,11.0,1.0,93.47,0,0,0
truck,90,2.0,2,25.0,24,0.0,8.553948602228559,5.0,0.0,98.22,0,0,0
truck,90,3.0,3,23.0,23,0.0,1.0055585546434145,1.0,0.0,99.79,0,0,1
plant,90,,1,,29,,,,,,0,0,0
plant,90,,2,,24,,,,,,0,0,0
plant,90,,3,,23,,,,,,0,0,1
truck,91,1.0,1,31.0,31,4.471936757443046,10.74263158269892,5.0,4.0,96.83,0,0,1
truck,91,2.0,2,26.0,25,0.0,0.9952086632617352,1.0,0.0,99.79,0,0,0
truck,91,3.0,3,23.0,23,0.0,0.0,0.0,0.0,100.0,1,0,1
plant,91,,1,,31,,,,,,0,0,1
plant,91,,2,,25,,,,,,0,0,0
plant,91,,3,,23,,,,,,1,0,1
truck,92,1.0,1,31.0,31,2.4448791598866393,15.298455845941646,10.0,4.0,96.3,0,0,1
truck,92,2.0,2,26.0,25,0.0,1.286836530979599,2.0,0.0,99.73,1,0,0
truck,92,3.0,3,24.0,23,0.0,0.0,0.0,0.0,100.0,1,0,0
plant,92,,1,,31,,,,,,0,0,1
plant,92,,2,,25,,,,,,1,0,0
plant,92,,3,,23,,,,,,1,0,0
truck,93,1.0,1,31.0,30,6.334736668598627,18.08933070554292,8.0,8.0,94.91,1,0,0
truck,93,2.0,2,26.0,26,0.0,3.4952791708747952,3.0,0.0,99.27,0,0,1
truck,93,3.0,3,23.0,23,0.0,6.440691472936052,2.0,0.0,98.66,0,0,1
plant,93,,1,,30,,,,,,1,0,0
plant,93,,2,,26,,,,,,0,0,1
plant,93,,3,,23,,,,,,0,0,1
truck,94,1.0,1,31.0,30,3.244144952473988,15.545924588515703,8.0,4.0,96.09,0,0,0
truck,94,2.0,2,26.0,26,0.0,2.754804927905468,2.0,0.0,99.43,0,0,1
truck,94,3.0,3,23.0,22,0.0,0.0,0.0,0.0,100.0,0,0,0
plant,94,,1,,30,,,,,,0,0,0
plant,94,,2,,26,,,,,,0,0,1
plant,94,,3,,22,,,,,,0,0,0
truck,95,1.0,1,31.0,29,5.288451392925396,27.047722847008444,9.0,5.0,93.26,0,0,0
truck,95,2.0,2,25.0,25,0.0,4.369473285455356,3.0,0.0,99.09,0,0,1
truck,95,3.0,3,24.0,23,0.0,0.0,0.0,0.0,100.0,0,0,0
plant,95,,1,,29,,,,,,0,0,0
plant,95,,2,,25,,,,,,0,0,1
plant,95,,3,,23,,,,,,0,0,0
truck,96,1.0,1,32.0,30,4.298770866263176,8.303171311373433,4.0,5.0,97.37,0,0,0
truck,96,2.0,2,26.0,25,0.0,2.837694036385898,4.0,0.0,99.41,1,0,0
truck,96,3.0,3,23.0,23,0.0,0.0,0.0,0.0,100.0,0,0,1
plant,96,,1,,30,,,,,,0,0,0
plant,96,,2,,25,,,,,,1,0,0
plant,96,,3,,23,,,,,,0,0,1
truck,97,1.0,1,32.0,31,0.0,10.627363434078703,6.0,0.0,97.79,1,0,0
truck,97,2.0,2,26.0,25,0.0,0.0,0.0,0.0,100.0,1,0,0
truck,97,3.0,3,23.0,22,0.0,0.0,0.0,0.0,100.0,1,0,0
plant,97,,1,,31,,,,,,1,0,0
plant,97,,2,,25,,,,,,1,0,0
plant,97,,3,,22,,,,,,1,0,0
truck,98,1.0,1,32.0,30,3.6669616889797325,11.404705010151133,6.0,5.0,96.86,1,0,0
truck,98,2.0,2,26.0,25,0.0,2.1084971387626297,2.0,0.0,99.56,0,0,0
truck,98,3.0,3,23.0,23,0.0,0.0,0.0,0.0,100.0,0,0,1
plant,98,,1,,30,,,,,,1,0,0
plant,98,,2,,25,,,,,,0,0,0
plant,98,,3,,23,,,,,,0,0,1
truck,99,1.0,1,31.0,31,2.501045861135111,15.386933193350359,6.0,4.0,96.27,0,0,1
truck,99,2.0,2,26.0,25,0.0,0.02316452191848839,1.0,0.0,100.0,1,0,0
truck,99,3.0,3,23.0,22,0.0,3.5294029483923737,3.0,0.0,99.26,1,0,0
plant,99,,1,,31,,,,,,0,0,1
plant,99,,2,,25,,,,,,1,0,0
plant,99,,3,,22,,,,,,1,0,0
